Date,Customer ID (evar6),Orders,Revenue
1-Sep-22,09415aed9740fa73f80c8eed6566d49b,1,59900
1-Sep-22,0c559ab0e9fe2695d4f0e78205a47b5f,1,74893
1-Sep-22,10416cea02008e353aac5305de8caba4,1,16990
1-Sep-22,10637f6e9164900d019b1e07c94b50ad,6,419994
1-Sep-22,12cef843674e289904dff74c27d205a0,11,394666
1-Sep-22,155d94c021193718653497aead98992d,2,627980
1-Sep-22,16a0338ae981d499061bce28f0c8cbf7,22,591375
1-Sep-22,192a59854ebb87ddcd85da0f48a5cef1,3,95358
1-Sep-22,1d95f7999395d8564103616df13afe63,35,1079443
1-Sep-22,1dbda7b3cac5df1d7ece770d8d5833c6,26,705804
1-Sep-22,214570a0bcd379d4c0d6c80395029d70,1,22999
1-Sep-22,226f81e86b66b14913ff1b6f549299fe,1,31050
1-Sep-22,23662ed187995774d1e73aea72f7d7dc,1,4
1-Sep-22,2413f71761e322b3bf332a42efd6a87d,3,125390
1-Sep-22,2936e1c954d937be50759f3acded8dc7,2,7776
1-Sep-22,29d425420b8054c029893c626de737c1,14,897137.74
1-Sep-22,2ba57cac09b6bac873111252ed39618d,4,32107.25
1-Sep-22,2ccd85d8596c648375ab705aded56270,1,18500
1-Sep-22,308d219e69c5670b1a88152773756db2,4,215077
1-Sep-22,3e0faed741af8a10d10513b21a196eac,1,50790
1-Sep-22,4081fb9adc32e94c03a02ff3213bceaa,1,50790
1-Sep-22,5e2f76d61e86c8e2a79139f1bb9368f5,5,469760
1-Sep-22,63529842c1a19e946759fca5a06c543a,26,849325
1-Sep-22,65a4b5ce3082f37ba8a6b6f9c49f2f16,1,19990
1-Sep-22,69f1ebfe68f8f0b471d6a41d70df9644,3,290067
1-Sep-22,6a7f4df625257d9c8645bee1b95eef02,20,657462
1-Sep-22,6d6b1246c504a32542528ba9bf0aefea,5,150478
1-Sep-22,7cf2e60c32fb624bf64496fda0bbb62e,7,347100
1-Sep-22,8064e9721187d7d3d513ba68ba7ea81e,19,674326
1-Sep-22,814d14e870f225ef55167102018d6cc6,19,506191
1-Sep-22,8602cebbfd5d234362184ecc00fac72d,32,1073521
1-Sep-22,88a8920911490138b30606a94555cf39,10,133327
1-Sep-22,8a50ff49ceb26fb523eeaf5cbe69cc50,3,174700
1-Sep-22,8e4a091e77cf2b107b7c5a4fa55e8502,3,243494
1-Sep-22,9055e6b4501e4e007a906eb8f8a53c12,2,77980
1-Sep-22,9d4755942e92865eb811b3b9a98310c3,1,35990
1-Sep-22,9daabf6bf34a97ce83088c8cd1f125d7,2,2927
1-Sep-22,a02741b0ae2a7b76aa12427090634a35,1,38045
1-Sep-22,ad37611f82c269890d1badd30b2237b0,1,54900
1-Sep-22,b4589ba8839bd3a6f52e99f7a43a2741,1,3000
1-Sep-22,b5492b392dd1f1b3cac745cd3e8927f3,3,219600
1-Sep-22,b5f1c0082381aaf9a1ccad880ac75706,8,182072
1-Sep-22,b630699de0c53fe6fa3d6ac130e25d09,1,89900
1-Sep-22,b895e63bfa44575d4d5e881da2168c0f,1,19990
1-Sep-22,ba628f9adf8f53ce9723c3add6c98d02,4,20842
1-Sep-22,bb6ec277caa591cb477d7890826f5f9e,6,23328
1-Sep-22,c5d3d1f45f3c5d35d30da1f942e6dd37,1,1399
1-Sep-22,c5efd40074ac107be595b60e1340c31e,3,45679
1-Sep-22,ca6d5331f7b2fc5af031f9641718a508,2,171487
1-Sep-22,d08c1006dc56705a69e3c1a9f69a8ccc,3,164700
1-Sep-22,d3b091bac34f21403d79f8b0ed181270,1,69999
1-Sep-22,dcca96a44f7d07704443fd5e95fc4997,1,2294
1-Sep-22,e13eff0898654faf84309bde21a475b4,1,28990
1-Sep-22,e6497e2a0f1c1b7c87907bf82b560acf,4,26260
1-Sep-22,ebbdac55409a9bb16088f10a7b0727be,7,222133.74
1-Sep-22,ed5bab6f9248bd442c60a5889e2c6b5f,2,1768
1-Sep-22,f5a1c389fd525d1929352ef2b24538dd,1,11698
1-Sep-22,feaa5e787aef04bd3e5a5f83fe088f9a,3,202543
2-Sep-22,04cbd4b0b5a3c869b8624fff65650991,1,1225
2-Sep-22,16a0338ae981d499061bce28f0c8cbf7,23,636547
2-Sep-22,1d95f7999395d8564103616df13afe63,13,325023
2-Sep-22,214570a0bcd379d4c0d6c80395029d70,1,432988
2-Sep-22,226f81e86b66b14913ff1b6f549299fe,11,422160
2-Sep-22,23662ed187995774d1e73aea72f7d7dc,5,172476
2-Sep-22,2413f71761e322b3bf332a42efd6a87d,2,35400
2-Sep-22,28c9d8d3e71f6202309e6e8f99dc957c,3,112094
2-Sep-22,29d425420b8054c029893c626de737c1,2,333769
2-Sep-22,2ba57cac09b6bac873111252ed39618d,6,51664
2-Sep-22,308d219e69c5670b1a88152773756db2,4,146187
2-Sep-22,38b8d940b1274d98aa89462d6c1de91d,6,435205
2-Sep-22,3a651e40b04061ebebad09f43c797d2b,12,286720
2-Sep-22,52d13369c99fe66ec7640b02d8c077c5,1,71980
2-Sep-22,5486b81967a7ab356de51db2087b79d1,1,54900
2-Sep-22,5b4c6bf0cdc85e8a0da97bf2c6c58b27,1,19290
2-Sep-22,609a127fc457f3d7956c36866191113d,2,53100
2-Sep-22,63529842c1a19e946759fca5a06c543a,10,321506
2-Sep-22,65a4b5ce3082f37ba8a6b6f9c49f2f16,1,449994
2-Sep-22,672921d7acee00d5442b10de9211cc68,2,465479
2-Sep-22,69f1ebfe68f8f0b471d6a41d70df9644,3,49297
2-Sep-22,6a7f4df625257d9c8645bee1b95eef02,34,1155850
2-Sep-22,6d6b1246c504a32542528ba9bf0aefea,2,72899
2-Sep-22,8064e9721187d7d3d513ba68ba7ea81e,20,647974
2-Sep-22,814d14e870f225ef55167102018d6cc6,38,1014118
2-Sep-22,814eb97c14eed7f7f729becb34e58ece,3,329970
2-Sep-22,8602cebbfd5d234362184ecc00fac72d,36,1442276
2-Sep-22,88a8920911490138b30606a94555cf39,4,31654
2-Sep-22,8a50ff49ceb26fb523eeaf5cbe69cc50,3,268244
2-Sep-22,8e4a091e77cf2b107b7c5a4fa55e8502,5,308970
2-Sep-22,9055e6b4501e4e007a906eb8f8a53c12,1,18490
2-Sep-22,982c3b5f377381f812a8d8dc502e2abe,2,44690
2-Sep-22,9ce20d3449a7716f22913f039e3b4d9f,1,54900
2-Sep-22,9daabf6bf34a97ce83088c8cd1f125d7,3,1093
2-Sep-22,ad37611f82c269890d1badd30b2237b0,1,64990
2-Sep-22,b00469dca6b2d0e20c3df5bf670f91bd,1,69999
2-Sep-22,b3d1245bf809b38c6d04227891ce672e,1,59900
2-Sep-22,b5492b392dd1f1b3cac745cd3e8927f3,2,164700
2-Sep-22,b5f1c0082381aaf9a1ccad880ac75706,11,250349
2-Sep-22,b895e63bfa44575d4d5e881da2168c0f,4,98376
2-Sep-22,ba628f9adf8f53ce9723c3add6c98d02,2,8988
2-Sep-22,bb6ec277caa591cb477d7890826f5f9e,5,23328
2-Sep-22,bbb90d4cd132d2c5f9b23fc472104ea6,2,57980
2-Sep-22,d08c1006dc56705a69e3c1a9f69a8ccc,8,482648
2-Sep-22,dcca96a44f7d07704443fd5e95fc4997,1,69900
2-Sep-22,e13eff0898654faf84309bde21a475b4,1,191926
2-Sep-22,e6497e2a0f1c1b7c87907bf82b560acf,1,10200
2-Sep-22,ebbdac55409a9bb16088f10a7b0727be,3,164700
2-Sep-22,ed5bab6f9248bd442c60a5889e2c6b5f,2,60
2-Sep-22,f00a3cb89e9e33d11cad2bd7771d43e5,15,901396.35
2-Sep-22,fdba80cf8d63935dc586dd011eac7afd,1,20
2-Sep-22,ff698a71d6c131de0d7437dc63991959,1,17700
3-Sep-22,28c9d8d3e71f6202309e6e8f99dc957c,1,74990
3-Sep-22,2cdc7625cee1035f296f38a581844fd3,1,46128
3-Sep-22,353b37d1c22ff85314baaa9e04d72449,1,1799
3-Sep-22,4c01dc4a3e00f37f19d1dee2929ebf65,3,167082
3-Sep-22,88a8920911490138b30606a94555cf39,1,19990
3-Sep-22,9055e6b4501e4e007a906eb8f8a53c12,4,79950
3-Sep-22,a628394702a27a8a4d567c03f9f0192d,4,176964
3-Sep-22,bb6ec277caa591cb477d7890826f5f9e,1,19990
3-Sep-22,dcca96a44f7d07704443fd5e95fc4997,1,3888
3-Sep-22,ed5bab6f9248bd442c60a5889e2c6b5f,4,224990
3-Sep-22,fdba80cf8d63935dc586dd011eac7afd,1,20
5-Sep-22,034f7ebaaf83c86cf75536d00f2060d1,2,7776
5-Sep-22,04cbd4b0b5a3c869b8624fff65650991,1,69999
5-Sep-22,09415aed9740fa73f80c8eed6566d49b,2,139800
5-Sep-22,0c559ab0e9fe2695d4f0e78205a47b5f,1,69999
5-Sep-22,10416cea02008e353aac5305de8caba4,1,157068
5-Sep-22,13d8bfc5438dfce3fbfe7ba742201b52,1,69999
5-Sep-22,16a0338ae981d499061bce28f0c8cbf7,15,430848
5-Sep-22,1d95f7999395d8564103616df13afe63,17,641943
5-Sep-22,1dbda7b3cac5df1d7ece770d8d5833c6,1,79000
5-Sep-22,226f81e86b66b14913ff1b6f549299fe,2,161400
5-Sep-22,28c9d8d3e71f6202309e6e8f99dc957c,3,60095
5-Sep-22,2936e1c954d937be50759f3acded8dc7,1,2490
5-Sep-22,2cdc7625cee1035f296f38a581844fd3,2,91952
5-Sep-22,308d219e69c5670b1a88152773756db2,11,705237
5-Sep-22,65a4b5ce3082f37ba8a6b6f9c49f2f16,1,50.25
5-Sep-22,6a7f4df625257d9c8645bee1b95eef02,8,186196
5-Sep-22,6d6b1246c504a32542528ba9bf0aefea,10,312062
5-Sep-22,6f2ef4829c5ac3528918ba6ef24c4196,2,144800
5-Sep-22,7917cae18071ffa3f7c68908bfd79a0b,1,66163
5-Sep-22,7cf2e60c32fb624bf64496fda0bbb62e,3,11097
5-Sep-22,8064e9721187d7d3d513ba68ba7ea81e,10,439755
5-Sep-22,80ab7935cd90d89ab80c8482dc7194d5,3,158730
5-Sep-22,814d14e870f225ef55167102018d6cc6,18,485069
5-Sep-22,8602cebbfd5d234362184ecc00fac72d,17,738970
5-Sep-22,88148903f7add9e0958b0d11c56ac359,3,56533
5-Sep-22,8e4a091e77cf2b107b7c5a4fa55e8502,7,247076
5-Sep-22,9055e6b4501e4e007a906eb8f8a53c12,1,200
5-Sep-22,9d4755942e92865eb811b3b9a98310c3,1,149900
5-Sep-22,9ed54eaba9eae80d864e231177578ffb,1,59900
5-Sep-22,ad37611f82c269890d1badd30b2237b0,4,249870
5-Sep-22,b3d1245bf809b38c6d04227891ce672e,2,79890
5-Sep-22,b5492b392dd1f1b3cac745cd3e8927f3,2,139800
5-Sep-22,b5f1c0082381aaf9a1ccad880ac75706,4,91036
5-Sep-22,b895e63bfa44575d4d5e881da2168c0f,5,141568.25
5-Sep-22,ba628f9adf8f53ce9723c3add6c98d02,2,15300
5-Sep-22,bb6ec277caa591cb477d7890826f5f9e,1,4
5-Sep-22,bbb90d4cd132d2c5f9b23fc472104ea6,2,30510
5-Sep-22,bd44f17701a01b218c9d36607382fa82,35,1366172
5-Sep-22,c5efd40074ac107be595b60e1340c31e,1,59990
5-Sep-22,ca6d5331f7b2fc5af031f9641718a508,1,59500
5-Sep-22,cf794269a80e104d8bea22cae6bcc04b,1,23179
5-Sep-22,d08c1006dc56705a69e3c1a9f69a8ccc,4,292200
5-Sep-22,e13eff0898654faf84309bde21a475b4,2,324283
5-Sep-22,e6497e2a0f1c1b7c87907bf82b560acf,1,6690
5-Sep-22,ebbdac55409a9bb16088f10a7b0727be,2,1033.74
5-Sep-22,f00a3cb89e9e33d11cad2bd7771d43e5,12,730223.22
5-Sep-22,f5eadb8d5b619e2c0b00d14997a8e5e3,1,22800
5-Sep-22,feaa5e787aef04bd3e5a5f83fe088f9a,1,63794
6-Sep-22,034f7ebaaf83c86cf75536d00f2060d1,3,154879
6-Sep-22,04cbd4b0b5a3c869b8624fff65650991,7,77659
6-Sep-22,10416cea02008e353aac5305de8caba4,5,80568
6-Sep-22,16a0338ae981d499061bce28f0c8cbf7,8,240256
6-Sep-22,192a59854ebb87ddcd85da0f48a5cef1,3,157229
6-Sep-22,1d95f7999395d8564103616df13afe63,25,751393
6-Sep-22,1dbda7b3cac5df1d7ece770d8d5833c6,14,83568
6-Sep-22,226f81e86b66b14913ff1b6f549299fe,9,407007
6-Sep-22,23662ed187995774d1e73aea72f7d7dc,1,63699
6-Sep-22,28c9d8d3e71f6202309e6e8f99dc957c,1,59900
6-Sep-22,2cdc7625cee1035f296f38a581844fd3,1,4733
6-Sep-22,308d219e69c5670b1a88152773756db2,7,584917
6-Sep-22,38b8d940b1274d98aa89462d6c1de91d,10,505273
6-Sep-22,3a651e40b04061ebebad09f43c797d2b,8,378260
6-Sep-22,5607db7d2ce08b8ee550c924d113ae53,1,11894
6-Sep-22,5e2f76d61e86c8e2a79139f1bb9368f5,2,254970
6-Sep-22,610cfc7da975f269348fc67c489091a9,1,429600
6-Sep-22,63529842c1a19e946759fca5a06c543a,26,646125
6-Sep-22,64306b255d9386da2a5d0cb66cbad954,1,28990
6-Sep-22,69f1ebfe68f8f0b471d6a41d70df9644,3,138519
6-Sep-22,6a7f4df625257d9c8645bee1b95eef02,10,201927
6-Sep-22,6ba37b50327c58387cf76bf09230ee7d,3,27900
6-Sep-22,6d6b1246c504a32542528ba9bf0aefea,31,1167327
6-Sep-22,6f2ef4829c5ac3528918ba6ef24c4196,1,69900
6-Sep-22,7cf2e60c32fb624bf64496fda0bbb62e,2,2016.87
6-Sep-22,8064e9721187d7d3d513ba68ba7ea81e,30,986639
6-Sep-22,814d14e870f225ef55167102018d6cc6,29,1639838
6-Sep-22,8602cebbfd5d234362184ecc00fac72d,36,1138403
6-Sep-22,88148903f7add9e0958b0d11c56ac359,6,156053
6-Sep-22,88a8920911490138b30606a94555cf39,7,231833.25
6-Sep-22,8a50ff49ceb26fb523eeaf5cbe69cc50,5,36673
6-Sep-22,8e4a091e77cf2b107b7c5a4fa55e8502,3,115996
6-Sep-22,9055e6b4501e4e007a906eb8f8a53c12,2,11998
6-Sep-22,9bb1e4cdf4ab943412840a5c701ae967,1,149900
6-Sep-22,9ce20d3449a7716f22913f039e3b4d9f,1,429600
6-Sep-22,a908c8155adc757f95377c889d7425cc,3,97101
6-Sep-22,b134094cf26f7e1177f9e5eb0b62b7df,2,26498
6-Sep-22,b3d1245bf809b38c6d04227891ce672e,3,95889
6-Sep-22,b5492b392dd1f1b3cac745cd3e8927f3,2,259700
6-Sep-22,b5f1c0082381aaf9a1ccad880ac75706,6,136554
6-Sep-22,b895e63bfa44575d4d5e881da2168c0f,6,8269
6-Sep-22,ba628f9adf8f53ce9723c3add6c98d02,1,5290
6-Sep-22,bb6ec277caa591cb477d7890826f5f9e,2,85010
6-Sep-22,bbb90d4cd132d2c5f9b23fc472104ea6,7,174520
6-Sep-22,bd44f17701a01b218c9d36607382fa82,25,918270
6-Sep-22,c0e101b90dab253c60708878d7cee76d,2,236901
6-Sep-22,c5efd40074ac107be595b60e1340c31e,12,170203
6-Sep-22,ca6d5331f7b2fc5af031f9641718a508,2,70019
6-Sep-22,d08c1006dc56705a69e3c1a9f69a8ccc,2,109800
6-Sep-22,db8cf5f69b943c575c29d52037532230,1,38999
6-Sep-22,e13eff0898654faf84309bde21a475b4,7,225148
6-Sep-22,e6497e2a0f1c1b7c87907bf82b560acf,2,10580
6-Sep-22,ebbdac55409a9bb16088f10a7b0727be,6,233723.74
6-Sep-22,f00a3cb89e9e33d11cad2bd7771d43e5,2,84100
6-Sep-22,f5eadb8d5b619e2c0b00d14997a8e5e3,1,23316.87
7-Sep-22,034f7ebaaf83c86cf75536d00f2060d1,3,199898
7-Sep-22,04cbd4b0b5a3c869b8624fff65650991,1,3799
7-Sep-22,0c559ab0e9fe2695d4f0e78205a47b5f,1,61980
7-Sep-22,12d2bfcc33712f1c48bf1bb508fd65b9,1,6999
7-Sep-22,16a0338ae981d499061bce28f0c8cbf7,33,1534765
7-Sep-22,1d95f7999395d8564103616df13afe63,24,695418
7-Sep-22,226f81e86b66b14913ff1b6f549299fe,6,115731
7-Sep-22,23662ed187995774d1e73aea72f7d7dc,1,174700
7-Sep-22,2413f71761e322b3bf332a42efd6a87d,1,17700
7-Sep-22,28c9d8d3e71f6202309e6e8f99dc957c,1,74990
7-Sep-22,2936e1c954d937be50759f3acded8dc7,5,449940
7-Sep-22,29d425420b8054c029893c626de737c1,11,482530
7-Sep-22,2cdc7625cee1035f296f38a581844fd3,1,84990
7-Sep-22,308d219e69c5670b1a88152773756db2,4,90497
7-Sep-22,353b37d1c22ff85314baaa9e04d72449,1,3299
7-Sep-22,38b8d940b1274d98aa89462d6c1de91d,1,4299
7-Sep-22,391669850771196a758c977093c226a9,3,407568
7-Sep-22,3a651e40b04061ebebad09f43c797d2b,5,258020
7-Sep-22,3fa1cbe8df3711b7e5961515f834d65c,1,149900
7-Sep-22,5359130261bddf97c034fca66e3b5bde,2,280
7-Sep-22,60d2b045cb0a4e35daef806dc8f71713,1,159900
7-Sep-22,63529842c1a19e946759fca5a06c543a,5,117770
7-Sep-22,678c7a654e0e36d8d2f69b3bc07fca86,2,35400
7-Sep-22,69f1ebfe68f8f0b471d6a41d70df9644,1,57760
7-Sep-22,6a7f4df625257d9c8645bee1b95eef02,19,550531
7-Sep-22,6d6b1246c504a32542528ba9bf0aefea,33,874094
7-Sep-22,6f2ef4829c5ac3528918ba6ef24c4196,1,69900
7-Sep-22,7cf2e60c32fb624bf64496fda0bbb62e,4,422760
7-Sep-22,8064e9721187d7d3d513ba68ba7ea81e,5,274500
7-Sep-22,814d14e870f225ef55167102018d6cc6,24,1177080
7-Sep-22,83cd98249745ae91ed4dff8dc4a9a52e,4,122890
7-Sep-22,8602cebbfd5d234362184ecc00fac72d,33,1201608
7-Sep-22,88148903f7add9e0958b0d11c56ac359,10,90728
7-Sep-22,88a8920911490138b30606a94555cf39,10,241159.37
7-Sep-22,88b11e1505716d89df2ba6785d9a0db0,3,278594
7-Sep-22,8a50ff49ceb26fb523eeaf5cbe69cc50,10,93148
7-Sep-22,8e4a091e77cf2b107b7c5a4fa55e8502,7,235683
7-Sep-22,9055e6b4501e4e007a906eb8f8a53c12,1,3999
7-Sep-22,9256b65b0585bb8b9b60048c96e04ac1,2,60890
7-Sep-22,982c3b5f377381f812a8d8dc502e2abe,1,27990
7-Sep-22,9daabf6bf34a97ce83088c8cd1f125d7,3,185282
7-Sep-22,a30ecd2d410a9ca65396bc5cc7678b17,8,389908
7-Sep-22,a908c8155adc757f95377c889d7425cc,2,123960
7-Sep-22,b3d1245bf809b38c6d04227891ce672e,1,63878
7-Sep-22,b895e63bfa44575d4d5e881da2168c0f,1,1500
7-Sep-22,bbb90d4cd132d2c5f9b23fc472104ea6,3,38118
7-Sep-22,bd44f17701a01b218c9d36607382fa82,18,667956
7-Sep-22,c0e101b90dab253c60708878d7cee76d,4,231241
7-Sep-22,c1740c413517344ff9685c3a269a29ab,3,31288
7-Sep-22,c25a136a7873e7015160637b768d2af2,1,290
7-Sep-22,c372b751fd035c6ccb8ad66214e3f7a6,2,5998
7-Sep-22,ca6d5331f7b2fc5af031f9641718a508,5,335139
7-Sep-22,cd1389053a7bc179788085a522cc43b4,1,149900
7-Sep-22,cf794269a80e104d8bea22cae6bcc04b,8,375629
7-Sep-22,d08c1006dc56705a69e3c1a9f69a8ccc,6,329400
7-Sep-22,e13eff0898654faf84309bde21a475b4,7,106503
7-Sep-22,ebbdac55409a9bb16088f10a7b0727be,1,56400
7-Sep-22,ed5bab6f9248bd442c60a5889e2c6b5f,1,74990
8-Sep-22,034f7ebaaf83c86cf75536d00f2060d1,3,62970
8-Sep-22,16a0338ae981d499061bce28f0c8cbf7,28,1019538
8-Sep-22,1d95f7999395d8564103616df13afe63,30,645395
8-Sep-22,1f57e3be931698d998946cc39e54f8cf,1,29990
8-Sep-22,226f81e86b66b14913ff1b6f549299fe,1,69999
8-Sep-22,2413f71761e322b3bf332a42efd6a87d,1,35400
8-Sep-22,2936e1c954d937be50759f3acded8dc7,3,214790
8-Sep-22,29d425420b8054c029893c626de737c1,1,64990
8-Sep-22,308d219e69c5670b1a88152773756db2,3,6467.74
8-Sep-22,353b37d1c22ff85314baaa9e04d72449,2,2324
8-Sep-22,37eca468c56a43cf8bd1ff5985ec7328,1,39499
8-Sep-22,38b8d940b1274d98aa89462d6c1de91d,1,132242
8-Sep-22,3fa1cbe8df3711b7e5961515f834d65c,2,299800
8-Sep-22,4684fa763a4fa9ab0e88ce60a6e7d25b,1,59900
8-Sep-22,5359130261bddf97c034fca66e3b5bde,1,59900
8-Sep-22,59782e932e22d4ccaea7b66c3ebec200,1,54900
8-Sep-22,63529842c1a19e946759fca5a06c543a,7,182374
8-Sep-22,678c7a654e0e36d8d2f69b3bc07fca86,2,53100
8-Sep-22,6d6b1246c504a32542528ba9bf0aefea,35,1066125
8-Sep-22,6f2ef4829c5ac3528918ba6ef24c4196,3,85097
8-Sep-22,7917cae18071ffa3f7c68908bfd79a0b,1,58364
8-Sep-22,7ae41332ac488aefef22b0c473d431ec,1,2450
8-Sep-22,814d14e870f225ef55167102018d6cc6,24,1177080
8-Sep-22,83cd98249745ae91ed4dff8dc4a9a52e,3,67990
8-Sep-22,8602cebbfd5d234362184ecc00fac72d,29,1081524
8-Sep-22,88148903f7add9e0958b0d11c56ac359,2,359458
8-Sep-22,88a8920911490138b30606a94555cf39,2,62970
8-Sep-22,8e4a091e77cf2b107b7c5a4fa55e8502,3,30295
8-Sep-22,9256b65b0585bb8b9b60048c96e04ac1,1,59900
8-Sep-22,982c3b5f377381f812a8d8dc502e2abe,2,128138
8-Sep-22,b5f1c0082381aaf9a1ccad880ac75706,20,455180
8-Sep-22,bd44f17701a01b218c9d36607382fa82,12,502020
8-Sep-22,c052f74df719dfd11551c1599a9d595a,2,39980
8-Sep-22,c372b751fd035c6ccb8ad66214e3f7a6,2,5998
8-Sep-22,c5efd40074ac107be595b60e1340c31e,6,34794
8-Sep-22,ca69ddff5e9f08fcac3927b266384e25,1,11894
8-Sep-22,d3a790312c7c6ef9855df1e3aa0905a3,2,59980
8-Sep-22,dcca96a44f7d07704443fd5e95fc4997,1,20990
8-Sep-22,e13eff0898654faf84309bde21a475b4,7,124855
8-Sep-22,f2494e00fd98f9d93e60b69a3e7f170e,1,6990
8-Sep-22,fdba80cf8d63935dc586dd011eac7afd,2,7998
8-Sep-22,ff698a71d6c131de0d7437dc63991959,3,38457
9-Sep-22,0c559ab0e9fe2695d4f0e78205a47b5f,1,69999
9-Sep-22,10637f6e9164900d019b1e07c94b50ad,1,69999
9-Sep-22,16a0338ae981d499061bce28f0c8cbf7,24,803432
9-Sep-22,1d95f7999395d8564103616df13afe63,46,1016862
9-Sep-22,226f81e86b66b14913ff1b6f549299fe,4,169717
9-Sep-22,2413f71761e322b3bf332a42efd6a87d,1,16400
9-Sep-22,29d425420b8054c029893c626de737c1,2,81890
9-Sep-22,308d219e69c5670b1a88152773756db2,7,269900
9-Sep-22,38b8d940b1274d98aa89462d6c1de91d,3,61795
9-Sep-22,3fa1cbe8df3711b7e5961515f834d65c,2,299800
9-Sep-22,4684fa763a4fa9ab0e88ce60a6e7d25b,1,59900
9-Sep-22,4f861d94fd2aeecab15bc93c3a806ed0,1,30990
9-Sep-22,5359130261bddf97c034fca66e3b5bde,2,60040
9-Sep-22,59d0adc2e5c8a5ab0f9e2bf67a53b418,1,999
9-Sep-22,63529842c1a19e946759fca5a06c543a,21,727313
9-Sep-22,678c7a654e0e36d8d2f69b3bc07fca86,3,53100
9-Sep-22,6d6b1246c504a32542528ba9bf0aefea,32,1166907
9-Sep-22,729524a091b64aa1fdf528f1bdbbb1db,1,3190
9-Sep-22,7917cae18071ffa3f7c68908bfd79a0b,1,64893
9-Sep-22,8064e9721187d7d3d513ba68ba7ea81e,7,384300
9-Sep-22,83cd98249745ae91ed4dff8dc4a9a52e,15,979070.61
9-Sep-22,8602cebbfd5d234362184ecc00fac72d,25,874423
9-Sep-22,88148903f7add9e0958b0d11c56ac359,1,700
9-Sep-22,88a8920911490138b30606a94555cf39,2,139800
9-Sep-22,8e4a091e77cf2b107b7c5a4fa55e8502,10,335788
9-Sep-22,9256b65b0585bb8b9b60048c96e04ac1,1,59900
9-Sep-22,97aba58a83e2374d42e2970b343e1a4d,1,13994
9-Sep-22,a30ecd2d410a9ca65396bc5cc7678b17,5,119144.87
9-Sep-22,a678ccf90d34eb389fe3743588a3cc60,2,160
9-Sep-22,a908c8155adc757f95377c889d7425cc,3,80470
9-Sep-22,b3d1245bf809b38c6d04227891ce672e,1,28990
9-Sep-22,b5f1c0082381aaf9a1ccad880ac75706,2,45518
9-Sep-22,ba628f9adf8f53ce9723c3add6c98d02,1,3888
9-Sep-22,bbb90d4cd132d2c5f9b23fc472104ea6,5,144460
9-Sep-22,bd44f17701a01b218c9d36607382fa82,38,1621458
9-Sep-22,c25a136a7873e7015160637b768d2af2,1,290
9-Sep-22,c372b751fd035c6ccb8ad66214e3f7a6,2,5998
9-Sep-22,c5efd40074ac107be595b60e1340c31e,2,214980
9-Sep-22,ca69ddff5e9f08fcac3927b266384e25,2,23788
9-Sep-22,ca6d5331f7b2fc5af031f9641718a508,6,817
9-Sep-22,d08c1006dc56705a69e3c1a9f69a8ccc,8,417730
9-Sep-22,ef7cc42a4cd1172e4dc8e4342b54cf94,1,20990
9-Sep-22,f20e3f877f38032e0f9efa76a6120767,2,1033.74
10-Sep-22,729524a091b64aa1fdf528f1bdbbb1db,1,5999
10-Sep-22,88148903f7add9e0958b0d11c56ac359,4,39287
10-Sep-22,8a50ff49ceb26fb523eeaf5cbe69cc50,1,59900
10-Sep-22,c5efd40074ac107be595b60e1340c31e,4,263738
10-Sep-22,fdba80cf8d63935dc586dd011eac7afd,2,53980
12-Sep-22,034f7ebaaf83c86cf75536d00f2060d1,1,3888
12-Sep-22,0da6549ef4930f76e755004b9e24f260,1,389990
12-Sep-22,10637f6e9164900d019b1e07c94b50ad,3,209997
12-Sep-22,12d2bfcc33712f1c48bf1bb508fd65b9,2,54688
12-Sep-22,16a0338ae981d499061bce28f0c8cbf7,33,1136789.87
12-Sep-22,1d95f7999395d8564103616df13afe63,16,544620
12-Sep-22,226f81e86b66b14913ff1b6f549299fe,3,103948
12-Sep-22,2936e1c954d937be50759f3acded8dc7,2,40
12-Sep-22,29d425420b8054c029893c626de737c1,6,303850
12-Sep-22,2d8a94ce48e4469170b73355eb89dd91,2,50400
12-Sep-22,308d219e69c5670b1a88152773756db2,1,17700
12-Sep-22,353b37d1c22ff85314baaa9e04d72449,1,200
12-Sep-22,38b8d940b1274d98aa89462d6c1de91d,1,4299
12-Sep-22,4684fa763a4fa9ab0e88ce60a6e7d25b,1,59900
12-Sep-22,63529842c1a19e946759fca5a06c543a,7,154826
12-Sep-22,678c7a654e0e36d8d2f69b3bc07fca86,4,70800
12-Sep-22,6a7f4df625257d9c8645bee1b95eef02,20,577772
12-Sep-22,6d6b1246c504a32542528ba9bf0aefea,29,885840
12-Sep-22,7cf2e60c32fb624bf64496fda0bbb62e,1,119890
12-Sep-22,8064e9721187d7d3d513ba68ba7ea81e,16,878400
12-Sep-22,814d14e870f225ef55167102018d6cc6,20,1107687
12-Sep-22,83cd98249745ae91ed4dff8dc4a9a52e,5,285106.87
12-Sep-22,8602cebbfd5d234362184ecc00fac72d,28,773416
12-Sep-22,88148903f7add9e0958b0d11c56ac359,6,439159
12-Sep-22,8e4a091e77cf2b107b7c5a4fa55e8502,8,357227
12-Sep-22,9055e6b4501e4e007a906eb8f8a53c12,2,47980
12-Sep-22,9256b65b0585bb8b9b60048c96e04ac1,2,60905
12-Sep-22,a30ecd2d410a9ca65396bc5cc7678b17,40,1024542
12-Sep-22,a628394702a27a8a4d567c03f9f0192d,2,39980
12-Sep-22,ac76b2c0e8d3499e13ec3209bd1b3c19,1,299800
12-Sep-22,bb6ec277caa591cb477d7890826f5f9e,14,773236
12-Sep-22,bbb90d4cd132d2c5f9b23fc472104ea6,4,65478
12-Sep-22,bd44f17701a01b218c9d36607382fa82,17,540874
12-Sep-22,c372b751fd035c6ccb8ad66214e3f7a6,2,5998
12-Sep-22,c5efd40074ac107be595b60e1340c31e,1,379980
12-Sep-22,ca69ddff5e9f08fcac3927b266384e25,1,11894
12-Sep-22,ca6d5331f7b2fc5af031f9641718a508,3,742
12-Sep-22,d9af3bdffa07fbbfb9cc81369e0c4ddc,1,94
12-Sep-22,dcca96a44f7d07704443fd5e95fc4997,4,1862
12-Sep-22,e13eff0898654faf84309bde21a475b4,5,64777
12-Sep-22,ebbdac55409a9bb16088f10a7b0727be,3,157229
12-Sep-22,ed5bab6f9248bd442c60a5889e2c6b5f,5,524970
12-Sep-22,f00a3cb89e9e33d11cad2bd7771d43e5,1,26990
12-Sep-22,fdba80cf8d63935dc586dd011eac7afd,1,2399
13-Sep-22,062294d950017e7105676920a96adfea,1,2999
13-Sep-22,09415aed9740fa73f80c8eed6566d49b,1,129800
13-Sep-22,10416cea02008e353aac5305de8caba4,1,1199
13-Sep-22,10637f6e9164900d019b1e07c94b50ad,7,489993
13-Sep-22,16a0338ae981d499061bce28f0c8cbf7,40,1383378
13-Sep-22,1d55b4480bb1c525e519c1c1cf02617a,4,255879
13-Sep-22,1d95f7999395d8564103616df13afe63,19,447677
13-Sep-22,1dbda7b3cac5df1d7ece770d8d5833c6,4,25397
13-Sep-22,1f57e3be931698d998946cc39e54f8cf,1,69999
13-Sep-22,226f81e86b66b14913ff1b6f549299fe,3,449700
13-Sep-22,23662ed187995774d1e73aea72f7d7dc,1,27500
13-Sep-22,2413f71761e322b3bf332a42efd6a87d,6,309900
13-Sep-22,27710ae5ae8818e629ac041be64fef09,1,212600
13-Sep-22,28c9d8d3e71f6202309e6e8f99dc957c,1,59900
13-Sep-22,2936e1c954d937be50759f3acded8dc7,4,139860
13-Sep-22,29d425420b8054c029893c626de737c1,5,218680
13-Sep-22,2d8a94ce48e4469170b73355eb89dd91,4,116979
13-Sep-22,308d219e69c5670b1a88152773756db2,1,5434
13-Sep-22,38b8d940b1274d98aa89462d6c1de91d,2,9372
13-Sep-22,3a651e40b04061ebebad09f43c797d2b,2,279800
13-Sep-22,3fa1cbe8df3711b7e5961515f834d65c,11,1648900
13-Sep-22,4684fa763a4fa9ab0e88ce60a6e7d25b,1,59900
13-Sep-22,5359130261bddf97c034fca66e3b5bde,1,140
13-Sep-22,5907ed25044c435013eae2ff4809bc1e,1,199
13-Sep-22,63529842c1a19e946759fca5a06c543a,1,23589
13-Sep-22,69f1ebfe68f8f0b471d6a41d70df9644,1,199899
13-Sep-22,6a7f4df625257d9c8645bee1b95eef02,18,568629
13-Sep-22,6d6b1246c504a32542528ba9bf0aefea,31,945939
13-Sep-22,6f2ef4829c5ac3528918ba6ef24c4196,1,119800
13-Sep-22,7917cae18071ffa3f7c68908bfd79a0b,4,291423
13-Sep-22,8064e9721187d7d3d513ba68ba7ea81e,14,768600
13-Sep-22,814d14e870f225ef55167102018d6cc6,19,933886
13-Sep-22,83cd98249745ae91ed4dff8dc4a9a52e,2,123480
13-Sep-22,8602cebbfd5d234362184ecc00fac72d,27,887450
13-Sep-22,88148903f7add9e0958b0d11c56ac359,8,516064
13-Sep-22,88a8920911490138b30606a94555cf39,5,349896
13-Sep-22,8e4a091e77cf2b107b7c5a4fa55e8502,5,126935
13-Sep-22,9256b65b0585bb8b9b60048c96e04ac1,2,60905
13-Sep-22,9ce20d3449a7716f22913f039e3b4d9f,2,81970
13-Sep-22,a30ecd2d410a9ca65396bc5cc7678b17,14,723115.87
13-Sep-22,b3d1245bf809b38c6d04227891ce672e,3,68970
13-Sep-22,bb6ec277caa591cb477d7890826f5f9e,3,161780
13-Sep-22,bbb90d4cd132d2c5f9b23fc472104ea6,7,151430
13-Sep-22,bd44f17701a01b218c9d36607382fa82,20,638722
13-Sep-22,c25a136a7873e7015160637b768d2af2,1,290
13-Sep-22,c2b90fb93208f5af394480be1a02851e,2,4298
13-Sep-22,c372b751fd035c6ccb8ad66214e3f7a6,2,5998
13-Sep-22,c5efd40074ac107be595b60e1340c31e,31,2207287
13-Sep-22,ca6d5331f7b2fc5af031f9641718a508,1,175
13-Sep-22,d08c1006dc56705a69e3c1a9f69a8ccc,4,219600
13-Sep-22,d3b091bac34f21403d79f8b0ed181270,3,70554
13-Sep-22,dcca96a44f7d07704443fd5e95fc4997,1,20990
13-Sep-22,e13eff0898654faf84309bde21a475b4,27,807338
13-Sep-22,fdba80cf8d63935dc586dd011eac7afd,3,166988
14-Sep-22,10416cea02008e353aac5305de8caba4,1,19797
14-Sep-22,10637f6e9164900d019b1e07c94b50ad,5,349995
14-Sep-22,13d8bfc5438dfce3fbfe7ba742201b52,2,221888
14-Sep-22,16a0338ae981d499061bce28f0c8cbf7,24,776515
14-Sep-22,1d55b4480bb1c525e519c1c1cf02617a,10,480189.87
14-Sep-22,1d95f7999395d8564103616df13afe63,23,458779
14-Sep-22,1dbda7b3cac5df1d7ece770d8d5833c6,2,117089
14-Sep-22,226f81e86b66b14913ff1b6f549299fe,4,238184
14-Sep-22,2413f71761e322b3bf332a42efd6a87d,1,54900
14-Sep-22,28c9d8d3e71f6202309e6e8f99dc957c,1,59900
14-Sep-22,2936e1c954d937be50759f3acded8dc7,5,209740
14-Sep-22,2d8a94ce48e4469170b73355eb89dd91,3,302792
14-Sep-22,308d219e69c5670b1a88152773756db2,5,330401
14-Sep-22,38b8d940b1274d98aa89462d6c1de91d,6,249094
14-Sep-22,3fa1cbe8df3711b7e5961515f834d65c,2,299800
14-Sep-22,4684fa763a4fa9ab0e88ce60a6e7d25b,1,59900
14-Sep-22,4a3f7b6ccfdaadd7630499c96c13353e,1,159900
14-Sep-22,52d13369c99fe66ec7640b02d8c077c5,1,79890
14-Sep-22,5359130261bddf97c034fca66e3b5bde,3,60180
14-Sep-22,59782e932e22d4ccaea7b66c3ebec200,1,54900
14-Sep-22,6206a276d23ac2eb60a6352ab73057a0,1,38990
14-Sep-22,63529842c1a19e946759fca5a06c543a,2,3498
14-Sep-22,6a7f4df625257d9c8645bee1b95eef02,21,547991
14-Sep-22,6d6b1246c504a32542528ba9bf0aefea,34,1192040
14-Sep-22,8064e9721187d7d3d513ba68ba7ea81e,8,439200
14-Sep-22,814d14e870f225ef55167102018d6cc6,17,843158
14-Sep-22,8602cebbfd5d234362184ecc00fac72d,26,930737
14-Sep-22,88148903f7add9e0958b0d11c56ac359,14,462049
14-Sep-22,88a8920911490138b30606a94555cf39,2,139800
14-Sep-22,8a50ff49ceb26fb523eeaf5cbe69cc50,1,26490
14-Sep-22,8e4a091e77cf2b107b7c5a4fa55e8502,2,8598
14-Sep-22,9055e6b4501e4e007a906eb8f8a53c12,1,54900
14-Sep-22,9256b65b0585bb8b9b60048c96e04ac1,2,60905
14-Sep-22,982c3b5f377381f812a8d8dc502e2abe,10,2212606
14-Sep-22,9ce20d3449a7716f22913f039e3b4d9f,1,18490
14-Sep-22,a30ecd2d410a9ca65396bc5cc7678b17,1,64990
14-Sep-22,ac76b2c0e8d3499e13ec3209bd1b3c19,1,149900
14-Sep-22,b5f1c0082381aaf9a1ccad880ac75706,42,5533822
14-Sep-22,ba628f9adf8f53ce9723c3add6c98d02,1,139800
14-Sep-22,bb6ec277caa591cb477d7890826f5f9e,2,80890
14-Sep-22,bbb90d4cd132d2c5f9b23fc472104ea6,48,4308767
14-Sep-22,bd44f17701a01b218c9d36607382fa82,9,206008
14-Sep-22,c25a136a7873e7015160637b768d2af2,1,290
14-Sep-22,c372b751fd035c6ccb8ad66214e3f7a6,2,5998
14-Sep-22,c5efd40074ac107be595b60e1340c31e,17,998963
14-Sep-22,ca6d5331f7b2fc5af031f9641718a508,3,597
14-Sep-22,d08c1006dc56705a69e3c1a9f69a8ccc,3,164700
14-Sep-22,d3b091bac34f21403d79f8b0ed181270,1,69999
14-Sep-22,dcca96a44f7d07704443fd5e95fc4997,1,20990
14-Sep-22,e13eff0898654faf84309bde21a475b4,55,11186030
14-Sep-22,f00a3cb89e9e33d11cad2bd7771d43e5,9,532125.87
14-Sep-22,ff698a71d6c131de0d7437dc63991959,7,224508
15-Sep-22,034f7ebaaf83c86cf75536d00f2060d1,1,21999
15-Sep-22,088a31febad85f44e9791ef93238b10c,2,472417
15-Sep-22,10416cea02008e353aac5305de8caba4,1,20996
15-Sep-22,10637f6e9164900d019b1e07c94b50ad,3,335842
15-Sep-22,1d55b4480bb1c525e519c1c1cf02617a,3,126880
15-Sep-22,1d95f7999395d8564103616df13afe63,30,781506
15-Sep-22,1dbda7b3cac5df1d7ece770d8d5833c6,17,640627
15-Sep-22,1f57e3be931698d998946cc39e54f8cf,2,71499
15-Sep-22,226f81e86b66b14913ff1b6f549299fe,13,344510
15-Sep-22,2936e1c954d937be50759f3acded8dc7,3,139919
15-Sep-22,29d425420b8054c029893c626de737c1,4,115870
15-Sep-22,2cdc7625cee1035f296f38a581844fd3,1,101945
15-Sep-22,2d8a94ce48e4469170b73355eb89dd91,2,32268
15-Sep-22,308d219e69c5670b1a88152773756db2,5,722570
15-Sep-22,3767549905a98e5907175706046ed67a,1,59900
15-Sep-22,38b8d940b1274d98aa89462d6c1de91d,6,278035
15-Sep-22,3a068e273926de22c2c88b3f398686a5,19,3833852
15-Sep-22,3a651e40b04061ebebad09f43c797d2b,45,7626950
15-Sep-22,3be0031b8d02ba98c66cf06e025283c7,2,214800
15-Sep-22,3fa1cbe8df3711b7e5961515f834d65c,2,299800
15-Sep-22,4684fa763a4fa9ab0e88ce60a6e7d25b,1,59900
15-Sep-22,5359130261bddf97c034fca66e3b5bde,1,140
15-Sep-22,5607db7d2ce08b8ee550c924d113ae53,1,12998
15-Sep-22,5907ed25044c435013eae2ff4809bc1e,1,1500
15-Sep-22,6a7f4df625257d9c8645bee1b95eef02,32,948217
15-Sep-22,6d6b1246c504a32542528ba9bf0aefea,13,290314
15-Sep-22,7917cae18071ffa3f7c68908bfd79a0b,1,57814
15-Sep-22,8064e9721187d7d3d513ba68ba7ea81e,8,439200
15-Sep-22,814d14e870f225ef55167102018d6cc6,16,665035
15-Sep-22,8727551b597d8f619a7a305708e354a7,1,2259
15-Sep-22,88148903f7add9e0958b0d11c56ac359,7,19303
15-Sep-22,88a8920911490138b30606a94555cf39,1,69900
15-Sep-22,88b11e1505716d89df2ba6785d9a0db0,1,20990
15-Sep-22,9055e6b4501e4e007a906eb8f8a53c12,1,69999
15-Sep-22,9256b65b0585bb8b9b60048c96e04ac1,3,61304
15-Sep-22,982c3b5f377381f812a8d8dc502e2abe,8,1055861
15-Sep-22,9daabf6bf34a97ce83088c8cd1f125d7,1,69900
15-Sep-22,a30ecd2d410a9ca65396bc5cc7678b17,13,236470.35
15-Sep-22,a6e1e0b4198abc2f57dd1d0a40337ef8,1,149900
15-Sep-22,ac76b2c0e8d3499e13ec3209bd1b3c19,1,3888
15-Sep-22,b5f1c0082381aaf9a1ccad880ac75706,33,8580383
15-Sep-22,b61ecd5337aaa14c0f47e05ac998c0b7,2,8998
15-Sep-22,bb6ec277caa591cb477d7890826f5f9e,9,353769
15-Sep-22,bbb90d4cd132d2c5f9b23fc472104ea6,34,3425335
15-Sep-22,bd44f17701a01b218c9d36607382fa82,19,444768
15-Sep-22,c25a136a7873e7015160637b768d2af2,1,290
15-Sep-22,c372b751fd035c6ccb8ad66214e3f7a6,2,5998
15-Sep-22,c510aac677c772113fd4e0b73ce26ff9,1,33235
15-Sep-22,c5efd40074ac107be595b60e1340c31e,11,1294354
15-Sep-22,ca6d5331f7b2fc5af031f9641718a508,1,69999
15-Sep-22,cf794269a80e104d8bea22cae6bcc04b,3,12831
15-Sep-22,d08c1006dc56705a69e3c1a9f69a8ccc,3,55933.74
15-Sep-22,dcca96a44f7d07704443fd5e95fc4997,1,84900
15-Sep-22,e13eff0898654faf84309bde21a475b4,2,18571
15-Sep-22,e6497e2a0f1c1b7c87907bf82b560acf,1,5290
15-Sep-22,ebbdac55409a9bb16088f10a7b0727be,1,54900
15-Sep-22,ef7cc42a4cd1172e4dc8e4342b54cf94,3,62970
15-Sep-22,f00a3cb89e9e33d11cad2bd7771d43e5,4,191870
15-Sep-22,f247bf19d110ac3f6fb8496ead897f49,1,49988
15-Sep-22,ff698a71d6c131de0d7437dc63991959,7,329851
16-Sep-22,,1,20990
16-Sep-22,034f7ebaaf83c86cf75536d00f2060d1,1,74990
16-Sep-22,088a31febad85f44e9791ef93238b10c,2,14382
16-Sep-22,10637f6e9164900d019b1e07c94b50ad,2,139998
16-Sep-22,12d2bfcc33712f1c48bf1bb508fd65b9,5,276924
16-Sep-22,155d94c021193718653497aead98992d,1,999
16-Sep-22,16a0338ae981d499061bce28f0c8cbf7,8,146915
16-Sep-22,1c660f2cb95dcca83b59236c6ffc6d34,1,22994
16-Sep-22,1d95f7999395d8564103616df13afe63,35,1229571
16-Sep-22,1dbda7b3cac5df1d7ece770d8d5833c6,8,86369
16-Sep-22,226f81e86b66b14913ff1b6f549299fe,9,271859
16-Sep-22,2936e1c954d937be50759f3acded8dc7,8,419440
16-Sep-22,308d219e69c5670b1a88152773756db2,3,416587
16-Sep-22,38b8d940b1274d98aa89462d6c1de91d,5,222490
16-Sep-22,3fa1cbe8df3711b7e5961515f834d65c,2,299800
16-Sep-22,4684fa763a4fa9ab0e88ce60a6e7d25b,1,59900
16-Sep-22,5359130261bddf97c034fca66e3b5bde,3,60180
16-Sep-22,6a7f4df625257d9c8645bee1b95eef02,53,1854783
16-Sep-22,6d6b1246c504a32542528ba9bf0aefea,7,145792
16-Sep-22,771402daf53c465460cedbbb8d5b5825,5,43245
16-Sep-22,7cf2e60c32fb624bf64496fda0bbb62e,1,54900
16-Sep-22,8064e9721187d7d3d513ba68ba7ea81e,8,439200
16-Sep-22,88148903f7add9e0958b0d11c56ac359,4,207256
16-Sep-22,88a8920911490138b30606a94555cf39,5,349698
16-Sep-22,9055e6b4501e4e007a906eb8f8a53c12,1,19990
16-Sep-22,913d9f73a20e14e465aa829008925f57,1,149900
16-Sep-22,9256b65b0585bb8b9b60048c96e04ac1,2,60905
16-Sep-22,9ce20d3449a7716f22913f039e3b4d9f,5,289285
16-Sep-22,a30ecd2d410a9ca65396bc5cc7678b17,1,54900
16-Sep-22,b5f1c0082381aaf9a1ccad880ac75706,7,226830
16-Sep-22,ba628f9adf8f53ce9723c3add6c98d02,1,69900
16-Sep-22,bb6ec277caa591cb477d7890826f5f9e,1,59900
16-Sep-22,bbb90d4cd132d2c5f9b23fc472104ea6,9,603689
16-Sep-22,bd44f17701a01b218c9d36607382fa82,40,1371127
16-Sep-22,c1740c413517344ff9685c3a269a29ab,5,41886
16-Sep-22,c25a136a7873e7015160637b768d2af2,1,290
16-Sep-22,c372b751fd035c6ccb8ad66214e3f7a6,2,5998
16-Sep-22,c5efd40074ac107be595b60e1340c31e,5,841200
16-Sep-22,ca6d5331f7b2fc5af031f9641718a508,1,99
16-Sep-22,cf794269a80e104d8bea22cae6bcc04b,9,39382
16-Sep-22,d08c1006dc56705a69e3c1a9f69a8ccc,4,165733.74
16-Sep-22,dcca96a44f7d07704443fd5e95fc4997,1,31050
16-Sep-22,e13eff0898654faf84309bde21a475b4,5,75229
16-Sep-22,ec9a5f5c19ca08a8e102a9d27eb479bc,4,279996
16-Sep-22,f00a3cb89e9e33d11cad2bd7771d43e5,9,236835.48
17-Sep-22,1dbda7b3cac5df1d7ece770d8d5833c6,12,549753
17-Sep-22,226f81e86b66b14913ff1b6f549299fe,5,163096
17-Sep-22,bbb90d4cd132d2c5f9b23fc472104ea6,4,60000
17-Sep-22,c1740c413517344ff9685c3a269a29ab,2,10980
17-Sep-22,c5efd40074ac107be595b60e1340c31e,3,263495
17-Sep-22,e13eff0898654faf84309bde21a475b4,3,13727
17-Sep-22,fdba80cf8d63935dc586dd011eac7afd,1,281893
18-Sep-22,0c559ab0e9fe2695d4f0e78205a47b5f,4,342788
18-Sep-22,88148903f7add9e0958b0d11c56ac359,1,342879
18-Sep-22,ca6d5331f7b2fc5af031f9641718a508,5,729443
18-Sep-22,d3b091bac34f21403d79f8b0ed181270,4,456892
19-Sep-22,10637f6e9164900d019b1e07c94b50ad,1,69999
19-Sep-22,1d95f7999395d8564103616df13afe63,24,748302
19-Sep-22,1dbda7b3cac5df1d7ece770d8d5833c6,9,328851
19-Sep-22,1f57e3be931698d998946cc39e54f8cf,3,65970
19-Sep-22,226f81e86b66b14913ff1b6f549299fe,9,125165
19-Sep-22,2936e1c954d937be50759f3acded8dc7,8,70060
19-Sep-22,2d8a94ce48e4469170b73355eb89dd91,6,326762
19-Sep-22,308d219e69c5670b1a88152773756db2,16,1418744
19-Sep-22,38b8d940b1274d98aa89462d6c1de91d,1,15765
19-Sep-22,3a068e273926de22c2c88b3f398686a5,13,32488
19-Sep-22,3a651e40b04061ebebad09f43c797d2b,32,389643
19-Sep-22,3be0031b8d02ba98c66cf06e025283c7,1,129900
19-Sep-22,4684fa763a4fa9ab0e88ce60a6e7d25b,3,179700
19-Sep-22,5359130261bddf97c034fca66e3b5bde,4,64068
19-Sep-22,556c1297c7532cbfcdd2ffcd0ffd0670,1,9994
19-Sep-22,63529842c1a19e946759fca5a06c543a,6,11394
19-Sep-22,6a7f4df625257d9c8645bee1b95eef02,29,834878
19-Sep-22,6f2ef4829c5ac3528918ba6ef24c4196,1,139899
19-Sep-22,8002fc3858225679a603223ae279f03b,2,45519
19-Sep-22,8064e9721187d7d3d513ba68ba7ea81e,1,54900
19-Sep-22,814d14e870f225ef55167102018d6cc6,46,1545783
19-Sep-22,86e0faccc0bf3fc9cae14d5f1ab93b84,3,136916
19-Sep-22,88148903f7add9e0958b0d11c56ac359,35,1607703
19-Sep-22,88a8920911490138b30606a94555cf39,3,209700
19-Sep-22,88b11e1505716d89df2ba6785d9a0db0,1,54900
19-Sep-22,8cb37928dda7856be0318e8ed3eb5340,2,309800
19-Sep-22,9055e6b4501e4e007a906eb8f8a53c12,2,109800
19-Sep-22,9256b65b0585bb8b9b60048c96e04ac1,2,60905
19-Sep-22,982c3b5f377381f812a8d8dc502e2abe,2,10798
19-Sep-22,ac76b2c0e8d3499e13ec3209bd1b3c19,8,31104
19-Sep-22,b5174159a9178840c9fd33d8c7ce384e,2,65800
19-Sep-22,b5492b392dd1f1b3cac745cd3e8927f3,1,389990
19-Sep-22,b5f1c0082381aaf9a1ccad880ac75706,22,1078282
19-Sep-22,ba628f9adf8f53ce9723c3add6c98d02,5,139979
19-Sep-22,bb6ec277caa591cb477d7890826f5f9e,2,144890
19-Sep-22,bbb90d4cd132d2c5f9b23fc472104ea6,26,682859
19-Sep-22,bd44f17701a01b218c9d36607382fa82,22,621764
19-Sep-22,c372b751fd035c6ccb8ad66214e3f7a6,2,5998
19-Sep-22,c5efd40074ac107be595b60e1340c31e,16,2220040
19-Sep-22,cf794269a80e104d8bea22cae6bcc04b,1,4299
19-Sep-22,d08c1006dc56705a69e3c1a9f69a8ccc,2,109800
19-Sep-22,e13eff0898654faf84309bde21a475b4,17,485851
19-Sep-22,e80d8b563a7fe404600e7dc3405ed98d,1,109800
19-Sep-22,ed5bab6f9248bd442c60a5889e2c6b5f,2,538
20-Sep-22,088a31febad85f44e9791ef93238b10c,1,3888
20-Sep-22,10637f6e9164900d019b1e07c94b50ad,4,537600
20-Sep-22,1d55b4480bb1c525e519c1c1cf02617a,1,54900
20-Sep-22,1d95f7999395d8564103616df13afe63,13,296798
20-Sep-22,1dbda7b3cac5df1d7ece770d8d5833c6,7,419650
20-Sep-22,1e3c7011b7b8b4eb84ee51ff8def8ed4,1,1199
20-Sep-22,1f57e3be931698d998946cc39e54f8cf,1,1799
20-Sep-22,21bd20f15a70bbcd0f37862e766e9b61,6,500276
20-Sep-22,226f81e86b66b14913ff1b6f549299fe,4,340497
20-Sep-22,2413f71761e322b3bf332a42efd6a87d,1,54900
20-Sep-22,2936e1c954d937be50759f3acded8dc7,1,69900
20-Sep-22,2d8a94ce48e4469170b73355eb89dd91,2,123266
20-Sep-22,308d219e69c5670b1a88152773756db2,9,719862
20-Sep-22,3767549905a98e5907175706046ed67a,2,44882
20-Sep-22,3a651e40b04061ebebad09f43c797d2b,3,2375
20-Sep-22,4684fa763a4fa9ab0e88ce60a6e7d25b,1,59900
20-Sep-22,530631cb7ec900aa521ba17a36ecc725,3,201973
20-Sep-22,5359130261bddf97c034fca66e3b5bde,3,67676
20-Sep-22,59c28459995deda92866d378124d49ed,2,119890
20-Sep-22,63795c7403019cf8bb008bc7058fb90f,2,115628
20-Sep-22,6a7f4df625257d9c8645bee1b95eef02,8,244834
20-Sep-22,729524a091b64aa1fdf528f1bdbbb1db,1,59500
20-Sep-22,748cf30a884ac3100cbe0115945564cd,2,1380
20-Sep-22,771402daf53c465460cedbbb8d5b5825,1,5549
20-Sep-22,814d14e870f225ef55167102018d6cc6,10,380687
20-Sep-22,88148903f7add9e0958b0d11c56ac359,5,287615
20-Sep-22,88a8920911490138b30606a94555cf39,5,349797
20-Sep-22,9055e6b4501e4e007a906eb8f8a53c12,2,139998
20-Sep-22,9256b65b0585bb8b9b60048c96e04ac1,1,1005
20-Sep-22,a30ecd2d410a9ca65396bc5cc7678b17,5,170698
20-Sep-22,ac76b2c0e8d3499e13ec3209bd1b3c19,5,216885
20-Sep-22,b00469dca6b2d0e20c3df5bf670f91bd,1,139998
20-Sep-22,b5f1c0082381aaf9a1ccad880ac75706,2,4089
20-Sep-22,b98dad2ab33a0012cb3d0862d8c5b733,1,139900
20-Sep-22,bbb90d4cd132d2c5f9b23fc472104ea6,13,522018
20-Sep-22,c25a136a7873e7015160637b768d2af2,1,290
20-Sep-22,c2b90fb93208f5af394480be1a02851e,1,26990
20-Sep-22,c372b751fd035c6ccb8ad66214e3f7a6,2,5998
20-Sep-22,cf794269a80e104d8bea22cae6bcc04b,3,13588
20-Sep-22,d08c1006dc56705a69e3c1a9f69a8ccc,2,109800
20-Sep-22,e13eff0898654faf84309bde21a475b4,6,173927
20-Sep-22,f00a3cb89e9e33d11cad2bd7771d43e5,1,72999
21-Sep-22,04cbd4b0b5a3c869b8624fff65650991,2,232799
21-Sep-22,10416cea02008e353aac5305de8caba4,4,105191
21-Sep-22,10637f6e9164900d019b1e07c94b50ad,4,419896
21-Sep-22,12cef843674e289904dff74c27d205a0,4,69220
21-Sep-22,1d55b4480bb1c525e519c1c1cf02617a,3,174790
21-Sep-22,1d95f7999395d8564103616df13afe63,41,1510744
21-Sep-22,1dbda7b3cac5df1d7ece770d8d5833c6,7,144294
21-Sep-22,226f81e86b66b14913ff1b6f549299fe,5,410496
21-Sep-22,2936e1c954d937be50759f3acded8dc7,1,69920
21-Sep-22,29d425420b8054c029893c626de737c1,1,26990
21-Sep-22,2cdc7625cee1035f296f38a581844fd3,2,72900
21-Sep-22,308d219e69c5670b1a88152773756db2,1,69999
21-Sep-22,353b37d1c22ff85314baaa9e04d72449,1,10990
21-Sep-22,38b8d940b1274d98aa89462d6c1de91d,2,100313
21-Sep-22,3a651e40b04061ebebad09f43c797d2b,3,2137
21-Sep-22,3fa1cbe8df3711b7e5961515f834d65c,2,299800
21-Sep-22,4684fa763a4fa9ab0e88ce60a6e7d25b,1,59900
21-Sep-22,52d13369c99fe66ec7640b02d8c077c5,1,109800
21-Sep-22,5359130261bddf97c034fca66e3b5bde,1,18490
21-Sep-22,5b4c6bf0cdc85e8a0da97bf2c6c58b27,1,149900
21-Sep-22,63529842c1a19e946759fca5a06c543a,1,26990
21-Sep-22,63795c7403019cf8bb008bc7058fb90f,4,231806
21-Sep-22,6a7f4df625257d9c8645bee1b95eef02,49,1835625
21-Sep-22,6f2ef4829c5ac3528918ba6ef24c4196,1,149999
21-Sep-22,7e7f0bf26188dca585a5b6649a866631,3,139820
21-Sep-22,814d14e870f225ef55167102018d6cc6,54,1908091
21-Sep-22,83942b65a1e466f34708359e94d69b83,3,121089
21-Sep-22,86e0faccc0bf3fc9cae14d5f1ab93b84,2,4935
21-Sep-22,88148903f7add9e0958b0d11c56ac359,6,293076
21-Sep-22,88a8920911490138b30606a94555cf39,6,419499
21-Sep-22,88b11e1505716d89df2ba6785d9a0db0,1,3888
21-Sep-22,8e4a091e77cf2b107b7c5a4fa55e8502,3,195388
21-Sep-22,9256b65b0585bb8b9b60048c96e04ac1,2,60905
21-Sep-22,982c3b5f377381f812a8d8dc502e2abe,2,45518
21-Sep-22,a1560dbbe300bb3c9b9214559c0d0c26,1,21990
21-Sep-22,a30ecd2d410a9ca65396bc5cc7678b17,15,573538.87
21-Sep-22,a58a9874911e1538ea3b16753ed7e398,1,26990
21-Sep-22,ac76b2c0e8d3499e13ec3209bd1b3c19,7,598369
21-Sep-22,b5492b392dd1f1b3cac745cd3e8927f3,1,54900
21-Sep-22,b5f1c0082381aaf9a1ccad880ac75706,12,112329
21-Sep-22,ba628f9adf8f53ce9723c3add6c98d02,4,10240
21-Sep-22,bb6ec277caa591cb477d7890826f5f9e,1,84990
21-Sep-22,bbb90d4cd132d2c5f9b23fc472104ea6,6,90000
21-Sep-22,bd44f17701a01b218c9d36607382fa82,31,969496
21-Sep-22,c372b751fd035c6ccb8ad66214e3f7a6,2,5998
21-Sep-22,c5efd40074ac107be595b60e1340c31e,1,159900
21-Sep-22,ca6d5331f7b2fc5af031f9641718a508,1,50790
21-Sep-22,d08c1006dc56705a69e3c1a9f69a8ccc,5,274500
21-Sep-22,d1d5e74727f8a9254496f3687bb86f9f,1,17700
21-Sep-22,e13eff0898654faf84309bde21a475b4,1,9994
21-Sep-22,f81cfe57dfa3027401ee9999f220ef7e,1,159900
21-Sep-22,fdba80cf8d63935dc586dd011eac7afd,2,141047
22-Sep-22,,1,80
22-Sep-22,034f7ebaaf83c86cf75536d00f2060d1,1,5999
22-Sep-22,04cbd4b0b5a3c869b8624fff65650991,2,119800
22-Sep-22,1d95f7999395d8564103616df13afe63,28,597127
22-Sep-22,21e9c22824aea806a2846ab1bdaa480f,1,189990
22-Sep-22,226f81e86b66b14913ff1b6f549299fe,7,88593
22-Sep-22,2413f71761e322b3bf332a42efd6a87d,1,72600
22-Sep-22,28c9d8d3e71f6202309e6e8f99dc957c,2,59920
22-Sep-22,2936e1c954d937be50759f3acded8dc7,2,40
22-Sep-22,2cdc7625cee1035f296f38a581844fd3,1,66980
22-Sep-22,308d219e69c5670b1a88152773756db2,5,292204
22-Sep-22,3a651e40b04061ebebad09f43c797d2b,6,8763
22-Sep-22,3be0031b8d02ba98c66cf06e025283c7,1,196880
22-Sep-22,3fa1cbe8df3711b7e5961515f834d65c,1,149900
22-Sep-22,4684fa763a4fa9ab0e88ce60a6e7d25b,1,59900
22-Sep-22,479d154801bbf4dd08f392bc6442dba7,3,180140
22-Sep-22,5359130261bddf97c034fca66e3b5bde,4,64068
22-Sep-22,59c28459995deda92866d378124d49ed,1,17700
22-Sep-22,672921d7acee00d5442b10de9211cc68,1,389990
22-Sep-22,69f1ebfe68f8f0b471d6a41d70df9644,1,30490
22-Sep-22,6a7f4df625257d9c8645bee1b95eef02,37,1231897
22-Sep-22,6f2ef4829c5ac3528918ba6ef24c4196,1,47900
22-Sep-22,771402daf53c465460cedbbb8d5b5825,1,10999
22-Sep-22,7917cae18071ffa3f7c68908bfd79a0b,4,231806
22-Sep-22,7cf2e60c32fb624bf64496fda0bbb62e,54,1819687
22-Sep-22,814d14e870f225ef55167102018d6cc6,42,1427032
22-Sep-22,88a8920911490138b30606a94555cf39,3,209700
22-Sep-22,8a50ff49ceb26fb523eeaf5cbe69cc50,1,6699
22-Sep-22,9256b65b0585bb8b9b60048c96e04ac1,2,60905
22-Sep-22,a30ecd2d410a9ca65396bc5cc7678b17,14,449040
22-Sep-22,ac76b2c0e8d3499e13ec3209bd1b3c19,1,3888
22-Sep-22,acc54f0efdc4e4b2e0c70d6992c03ed5,2,21596
22-Sep-22,ad37611f82c269890d1badd30b2237b0,12,673865
22-Sep-22,b5492b392dd1f1b3cac745cd3e8927f3,2,324600
22-Sep-22,b5f1c0082381aaf9a1ccad880ac75706,3,95345
22-Sep-22,ba628f9adf8f53ce9723c3add6c98d02,2,10580
22-Sep-22,bbb90d4cd132d2c5f9b23fc472104ea6,5,43790
22-Sep-22,bd44f17701a01b218c9d36607382fa82,7,254015
22-Sep-22,c372b751fd035c6ccb8ad66214e3f7a6,2,5998
22-Sep-22,c5efd40074ac107be595b60e1340c31e,3,90000
22-Sep-22,c773d5988fd6e08e330154c292348c31,1,2999
22-Sep-22,ca6d5331f7b2fc5af031f9641718a508,7,430778
22-Sep-22,d08c1006dc56705a69e3c1a9f69a8ccc,8,439200
22-Sep-22,d6f306c22bb0897c5086c429336937ef,2,119800
22-Sep-22,e13eff0898654faf84309bde21a475b4,2,15488
22-Sep-22,f00a3cb89e9e33d11cad2bd7771d43e5,12,503576.87
22-Sep-22,fcb242a10e9a69ad3f9ac78d62fb817c,1,14999
23-Sep-22,034f7ebaaf83c86cf75536d00f2060d1,1,69999
23-Sep-22,04512f3944eb16ecd2fb64c99306a790,1,5690
23-Sep-22,10416cea02008e353aac5305de8caba4,4,222699
23-Sep-22,10637f6e9164900d019b1e07c94b50ad,7,479299
23-Sep-22,13d8bfc5438dfce3fbfe7ba742201b52,3,159912
23-Sep-22,16a0338ae981d499061bce28f0c8cbf7,27,720450
23-Sep-22,1dbda7b3cac5df1d7ece770d8d5833c6,1,5999
23-Sep-22,226f81e86b66b14913ff1b6f549299fe,5,17450
23-Sep-22,230f8bb31884ffb010f13cdcc88ad920,2,19300
23-Sep-22,2936e1c954d937be50759f3acded8dc7,3,209700
23-Sep-22,308d219e69c5670b1a88152773756db2,1,71499
23-Sep-22,38b8d940b1274d98aa89462d6c1de91d,1,5073
23-Sep-22,3a651e40b04061ebebad09f43c797d2b,5,37147
23-Sep-22,3fa1cbe8df3711b7e5961515f834d65c,1,149900
23-Sep-22,5359130261bddf97c034fca66e3b5bde,5,118968
23-Sep-22,64306b255d9386da2a5d0cb66cbad954,1,21990
23-Sep-22,6d6b1246c504a32542528ba9bf0aefea,43,1957386
23-Sep-22,7917cae18071ffa3f7c68908bfd79a0b,2,109800
23-Sep-22,8064e9721187d7d3d513ba68ba7ea81e,12,658800
23-Sep-22,83212881a23c00bd7d7481802ba3704e,2,139800
23-Sep-22,83942b65a1e466f34708359e94d69b83,1,17700
23-Sep-22,8602cebbfd5d234362184ecc00fac72d,25,1031950
23-Sep-22,88a8920911490138b30606a94555cf39,21,1412136
23-Sep-22,8a50ff49ceb26fb523eeaf5cbe69cc50,2,124800
23-Sep-22,9055e6b4501e4e007a906eb8f8a53c12,2,58899
23-Sep-22,913d9f73a20e14e465aa829008925f57,1,149900
23-Sep-22,9256b65b0585bb8b9b60048c96e04ac1,2,60905
23-Sep-22,982c3b5f377381f812a8d8dc502e2abe,4,314930
23-Sep-22,ac76b2c0e8d3499e13ec3209bd1b3c19,1,3888
23-Sep-22,ad37611f82c269890d1badd30b2237b0,16,978027
23-Sep-22,b00469dca6b2d0e20c3df5bf670f91bd,4,294897
23-Sep-22,b3d1245bf809b38c6d04227891ce672e,2,73894
23-Sep-22,b5f1c0082381aaf9a1ccad880ac75706,4,160959
23-Sep-22,ba628f9adf8f53ce9723c3add6c98d02,5,284700
23-Sep-22,bb6ec277caa591cb477d7890826f5f9e,1,59900
23-Sep-22,bbb90d4cd132d2c5f9b23fc472104ea6,18,344060
23-Sep-22,c25a136a7873e7015160637b768d2af2,1,290
23-Sep-22,c372b751fd035c6ccb8ad66214e3f7a6,2,5998
23-Sep-22,c5609e7df315a059c74d2a79ae4500e9,3,209700
23-Sep-22,ca6d5331f7b2fc5af031f9641718a508,3,241779
23-Sep-22,dcca96a44f7d07704443fd5e95fc4997,2,170889
23-Sep-22,e13eff0898654faf84309bde21a475b4,1,23529
23-Sep-22,ec9a5f5c19ca08a8e102a9d27eb479bc,1,69999
23-Sep-22,ed5bab6f9248bd442c60a5889e2c6b5f,1,64094
23-Sep-22,f00a3cb89e9e33d11cad2bd7771d43e5,1,69999
26-Sep-22,034f7ebaaf83c86cf75536d00f2060d1,12,105019
26-Sep-22,088a31febad85f44e9791ef93238b10c,2,7776
26-Sep-22,10637f6e9164900d019b1e07c94b50ad,7,544194
26-Sep-22,1d95f7999395d8564103616df13afe63,13,827218
26-Sep-22,226f81e86b66b14913ff1b6f549299fe,1,3490
26-Sep-22,2936e1c954d937be50759f3acded8dc7,6,3119
26-Sep-22,308d219e69c5670b1a88152773756db2,1,71499
26-Sep-22,3a651e40b04061ebebad09f43c797d2b,5,39534
26-Sep-22,3fa1cbe8df3711b7e5961515f834d65c,1,149900
26-Sep-22,4684fa763a4fa9ab0e88ce60a6e7d25b,1,59900
26-Sep-22,4f861d94fd2aeecab15bc93c3a806ed0,1,419
26-Sep-22,5359130261bddf97c034fca66e3b5bde,1,69900
26-Sep-22,63529842c1a19e946759fca5a06c543a,3,46589
26-Sep-22,65a4b5ce3082f37ba8a6b6f9c49f2f16,4,277887
26-Sep-22,6a7f4df625257d9c8645bee1b95eef02,20,611448
26-Sep-22,6f2ef4829c5ac3528918ba6ef24c4196,2,62292
26-Sep-22,748cf30a884ac3100cbe0115945564cd,4,142998
26-Sep-22,7917cae18071ffa3f7c68908bfd79a0b,1,54900
26-Sep-22,814d14e870f225ef55167102018d6cc6,17,566303
26-Sep-22,83212881a23c00bd7d7481802ba3704e,9,629100
26-Sep-22,8602cebbfd5d234362184ecc00fac72d,4,119059
26-Sep-22,88148903f7add9e0958b0d11c56ac359,1,9994
26-Sep-22,88a8920911490138b30606a94555cf39,15,1201894
26-Sep-22,8a50ff49ceb26fb523eeaf5cbe69cc50,1,159900
26-Sep-22,8e4a091e77cf2b107b7c5a4fa55e8502,3,164202
26-Sep-22,9055e6b4501e4e007a906eb8f8a53c12,2,36980
26-Sep-22,9256b65b0585bb8b9b60048c96e04ac1,2,60905
26-Sep-22,ac76b2c0e8d3499e13ec3209bd1b3c19,1,3888
26-Sep-22,ad37611f82c269890d1badd30b2237b0,5,167669
26-Sep-22,b5f1c0082381aaf9a1ccad880ac75706,6,408338
26-Sep-22,ba628f9adf8f53ce9723c3add6c98d02,5,349500
26-Sep-22,bb6ec277caa591cb477d7890826f5f9e,3,130490
26-Sep-22,bd44f17701a01b218c9d36607382fa82,14,353342
26-Sep-22,c372b751fd035c6ccb8ad66214e3f7a6,2,5998
26-Sep-22,c5609e7df315a059c74d2a79ae4500e9,1,69900
26-Sep-22,c5efd40074ac107be595b60e1340c31e,1,328290
26-Sep-22,ca6d5331f7b2fc5af031f9641718a508,2,171780
26-Sep-22,f00a3cb89e9e33d11cad2bd7771d43e5,3,141498
27-Sep-22,034f7ebaaf83c86cf75536d00f2060d1,8,555542
27-Sep-22,088a31febad85f44e9791ef93238b10c,1,3888
27-Sep-22,10637f6e9164900d019b1e07c94b50ad,8,599100
27-Sep-22,1d55b4480bb1c525e519c1c1cf02617a,3,139780
27-Sep-22,1d95f7999395d8564103616df13afe63,15,476280
27-Sep-22,21bd20f15a70bbcd0f37862e766e9b61,2,70040
27-Sep-22,226f81e86b66b14913ff1b6f549299fe,1,69900
27-Sep-22,2936e1c954d937be50759f3acded8dc7,5,349500
27-Sep-22,29d425420b8054c029893c626de737c1,1,149900
27-Sep-22,308d219e69c5670b1a88152773756db2,6,417984
27-Sep-22,38b8d940b1274d98aa89462d6c1de91d,1,54900
27-Sep-22,3a651e40b04061ebebad09f43c797d2b,3,155960
27-Sep-22,4684fa763a4fa9ab0e88ce60a6e7d25b,1,59900
27-Sep-22,52d13369c99fe66ec7640b02d8c077c5,1,4900
27-Sep-22,5359130261bddf97c034fca66e3b5bde,4,331078
27-Sep-22,5607db7d2ce08b8ee550c924d113ae53,2,24892
27-Sep-22,5b4c6bf0cdc85e8a0da97bf2c6c58b27,2,32680
27-Sep-22,63529842c1a19e946759fca5a06c543a,3,31819
27-Sep-22,69f1ebfe68f8f0b471d6a41d70df9644,1,64990
27-Sep-22,6a7f4df625257d9c8645bee1b95eef02,18,723330
27-Sep-22,748cf30a884ac3100cbe0115945564cd,5,429797
27-Sep-22,771402daf53c465460cedbbb8d5b5825,1,149900
27-Sep-22,7917cae18071ffa3f7c68908bfd79a0b,1,57814
27-Sep-22,814d14e870f225ef55167102018d6cc6,11,523783
27-Sep-22,8602cebbfd5d234362184ecc00fac72d,1,26990
27-Sep-22,88148903f7add9e0958b0d11c56ac359,2,2098
27-Sep-22,88a8920911490138b30606a94555cf39,8,563800
27-Sep-22,9055e6b4501e4e007a906eb8f8a53c12,2,109800
27-Sep-22,913d9f73a20e14e465aa829008925f57,1,149900
27-Sep-22,9256b65b0585bb8b9b60048c96e04ac1,2,60905
27-Sep-22,9daabf6bf34a97ce83088c8cd1f125d7,2,139800
27-Sep-22,a30ecd2d410a9ca65396bc5cc7678b17,8,271956
27-Sep-22,ad37611f82c269890d1badd30b2237b0,6,145778
27-Sep-22,b5f1c0082381aaf9a1ccad880ac75706,7,288430
27-Sep-22,ba628f9adf8f53ce9723c3add6c98d02,4,215097
27-Sep-22,bb6ec277caa591cb477d7890826f5f9e,1,19990
27-Sep-22,bbb90d4cd132d2c5f9b23fc472104ea6,12,46811
27-Sep-22,bd44f17701a01b218c9d36607382fa82,8,259251
27-Sep-22,c372b751fd035c6ccb8ad66214e3f7a6,2,5998
27-Sep-22,c5efd40074ac107be595b60e1340c31e,1,1049
27-Sep-22,ca6d5331f7b2fc5af031f9641718a508,4,342768
27-Sep-22,d08c1006dc56705a69e3c1a9f69a8ccc,5,24500
27-Sep-22,dcca96a44f7d07704443fd5e95fc4997,1,15801
27-Sep-22,e6497e2a0f1c1b7c87907bf82b560acf,2,10200
27-Sep-22,efc51d22a4659518fd3ca203a8384a5d,2,376889
27-Sep-22,efc7d9a185b0c19146591c793ce2f5ac,5,352299
27-Sep-22,f247bf19d110ac3f6fb8496ead897f49,1,59900
27-Sep-22,ff698a71d6c131de0d7437dc63991959,4,314930
28-Sep-22,034f7ebaaf83c86cf75536d00f2060d1,2,88199
28-Sep-22,04cbd4b0b5a3c869b8624fff65650991,7,355879
28-Sep-22,088a31febad85f44e9791ef93238b10c,2,7776
28-Sep-22,10046454f5d12dd4947ed56c90b9f3bf,1,84900
28-Sep-22,10416cea02008e353aac5305de8caba4,1,69900
28-Sep-22,10637f6e9164900d019b1e07c94b50ad,13,933694
28-Sep-22,12cef843674e289904dff74c27d205a0,1,4900
28-Sep-22,1d55b4480bb1c525e519c1c1cf02617a,2,141998
28-Sep-22,1d95f7999395d8564103616df13afe63,23,846411
28-Sep-22,21bd20f15a70bbcd0f37862e766e9b61,1,59900
28-Sep-22,226f81e86b66b14913ff1b6f549299fe,7,541009
28-Sep-22,28c9d8d3e71f6202309e6e8f99dc957c,2,139899
28-Sep-22,2936e1c954d937be50759f3acded8dc7,4,227999
28-Sep-22,29d425420b8054c029893c626de737c1,14,1255018
28-Sep-22,2cdc7625cee1035f296f38a581844fd3,1,15000
28-Sep-22,308d219e69c5670b1a88152773756db2,3,139799
28-Sep-22,38b8d940b1274d98aa89462d6c1de91d,3,246451
28-Sep-22,3a651e40b04061ebebad09f43c797d2b,13,621152
28-Sep-22,3fa1cbe8df3711b7e5961515f834d65c,1,149900
28-Sep-22,4684fa763a4fa9ab0e88ce60a6e7d25b,1,59900
28-Sep-22,4f861d94fd2aeecab15bc93c3a806ed0,1,69999
28-Sep-22,63529842c1a19e946759fca5a06c543a,6,91608
28-Sep-22,69f1ebfe68f8f0b471d6a41d70df9644,1,69999
28-Sep-22,6a7f4df625257d9c8645bee1b95eef02,21,679925
28-Sep-22,771402daf53c465460cedbbb8d5b5825,2,5886
28-Sep-22,7917cae18071ffa3f7c68908bfd79a0b,4,352029
28-Sep-22,814d14e870f225ef55167102018d6cc6,12,541063
28-Sep-22,83212881a23c00bd7d7481802ba3704e,2,241578
28-Sep-22,8602cebbfd5d234362184ecc00fac72d,1,33980
28-Sep-22,88148903f7add9e0958b0d11c56ac359,2,86815
28-Sep-22,88a8920911490138b30606a94555cf39,13,1183049
28-Sep-22,8a38208c2fc6ceed66f0c29f896a4859,1,149900
28-Sep-22,8a50ff49ceb26fb523eeaf5cbe69cc50,10,163551
28-Sep-22,8df0682f711f814e4b6b6027a62d1895,1,69900
28-Sep-22,8e4a091e77cf2b107b7c5a4fa55e8502,5,189529
28-Sep-22,913d9f73a20e14e465aa829008925f57,2,299800
28-Sep-22,9256b65b0585bb8b9b60048c96e04ac1,2,60905
28-Sep-22,9ce20d3449a7716f22913f039e3b4d9f,1,35990
28-Sep-22,9f21fffedc867cb1a28ebdb8b3d86ad3,2,27993
28-Sep-22,a30ecd2d410a9ca65396bc5cc7678b17,12,170294
28-Sep-22,ac76b2c0e8d3499e13ec3209bd1b3c19,1,3888
28-Sep-22,ad37611f82c269890d1badd30b2237b0,6,36061
28-Sep-22,b00469dca6b2d0e20c3df5bf670f91bd,3,209898
28-Sep-22,b5f1c0082381aaf9a1ccad880ac75706,32,2202940
28-Sep-22,ba628f9adf8f53ce9723c3add6c98d02,3,150000
28-Sep-22,bb6ec277caa591cb477d7890826f5f9e,1,3888
28-Sep-22,bbb90d4cd132d2c5f9b23fc472104ea6,18,321989
28-Sep-22,bd44f17701a01b218c9d36607382fa82,13,293955
28-Sep-22,c372b751fd035c6ccb8ad66214e3f7a6,2,5998
28-Sep-22,c5efd40074ac107be595b60e1340c31e,5,1089297
28-Sep-22,ca6d5331f7b2fc5af031f9641718a508,4,279897
28-Sep-22,d08c1006dc56705a69e3c1a9f69a8ccc,4,24500
28-Sep-22,dcca96a44f7d07704443fd5e95fc4997,2,199380
28-Sep-22,e13eff0898654faf84309bde21a475b4,11,790730
28-Sep-22,e6497e2a0f1c1b7c87907bf82b560acf,2,15300
28-Sep-22,e6d8bf2a838350b0ae6dba06efac4033,1,9994
28-Sep-22,efc51d22a4659518fd3ca203a8384a5d,1,69999
28-Sep-22,f14c9977556098f5d0117952c6e4d547,1,17700
29-Sep-22,034f7ebaaf83c86cf75536d00f2060d1,3,75013
29-Sep-22,04512f3944eb16ecd2fb64c99306a790,1,5690
29-Sep-22,04cbd4b0b5a3c869b8624fff65650991,14,609136
29-Sep-22,0e7b9939c99cb0860428bd7c9179b9fe,1,68787
29-Sep-22,10637f6e9164900d019b1e07c94b50ad,9,629100
29-Sep-22,1340147f77ca60c3cf503e81351e035a,1,204502
29-Sep-22,192a59854ebb87ddcd85da0f48a5cef1,1,62990
29-Sep-22,1d95f7999395d8564103616df13afe63,45,1228109
29-Sep-22,1dbda7b3cac5df1d7ece770d8d5833c6,3,194842
29-Sep-22,226f81e86b66b14913ff1b6f549299fe,7,1110268
29-Sep-22,2936e1c954d937be50759f3acded8dc7,1,3888
29-Sep-22,29d425420b8054c029893c626de737c1,10,675182
29-Sep-22,2cdc7625cee1035f296f38a581844fd3,1,45633
29-Sep-22,308d219e69c5670b1a88152773756db2,13,579793
29-Sep-22,344ddb88c0ce38748a03197a002c8356,2,112980
29-Sep-22,3767549905a98e5907175706046ed67a,2,153788
29-Sep-22,3a651e40b04061ebebad09f43c797d2b,10,27854
29-Sep-22,4aae1649771eae353d885e5a28c1b821,2,206390
29-Sep-22,52d13369c99fe66ec7640b02d8c077c5,1,54900
29-Sep-22,63529842c1a19e946759fca5a06c543a,10,599254
29-Sep-22,696dcf09753ddf1096a16b836b7f255c,3,826777
29-Sep-22,6a7f4df625257d9c8645bee1b95eef02,22,682543
29-Sep-22,748cf30a884ac3100cbe0115945564cd,7,173738
29-Sep-22,7917cae18071ffa3f7c68908bfd79a0b,6,406743
29-Sep-22,814d14e870f225ef55167102018d6cc6,30,1092547
29-Sep-22,83212881a23c00bd7d7481802ba3704e,2,139800
29-Sep-22,83ba4b052fa316bc47435f8e6a9ba04b,3,213880
29-Sep-22,8602cebbfd5d234362184ecc00fac72d,7,150717
29-Sep-22,86e0faccc0bf3fc9cae14d5f1ab93b84,5,292264
29-Sep-22,88148903f7add9e0958b0d11c56ac359,1,42490
29-Sep-22,88a8920911490138b30606a94555cf39,13,1046580
29-Sep-22,8a50ff49ceb26fb523eeaf5cbe69cc50,8,206292
29-Sep-22,8f874de6623e2390cfaeba014e2cd1dc,1,9490
29-Sep-22,9055e6b4501e4e007a906eb8f8a53c12,1,54900
29-Sep-22,a244f123a41c8a05f6e42269cb10cfae,1,1520
29-Sep-22,a30ecd2d410a9ca65396bc5cc7678b17,8,137991.74
29-Sep-22,ad37611f82c269890d1badd30b2237b0,1,4900
29-Sep-22,b3d1245bf809b38c6d04227891ce672e,1,21994
29-Sep-22,b5f1c0082381aaf9a1ccad880ac75706,7,355910
29-Sep-22,b630699de0c53fe6fa3d6ac130e25d09,3,192880
29-Sep-22,ba628f9adf8f53ce9723c3add6c98d02,4,83589
29-Sep-22,bbb90d4cd132d2c5f9b23fc472104ea6,17,605103
29-Sep-22,bd44f17701a01b218c9d36607382fa82,12,276421
29-Sep-22,d08c1006dc56705a69e3c1a9f69a8ccc,4,19600
29-Sep-22,d0e822c139805c9ee8a2d700a7b2aae0,3,271114
29-Sep-22,dcca96a44f7d07704443fd5e95fc4997,2,36598
29-Sep-22,e13eff0898654faf84309bde21a475b4,2,73980
29-Sep-22,ed5bab6f9248bd442c60a5889e2c6b5f,2,538
29-Sep-22,f00a3cb89e9e33d11cad2bd7771d43e5,1,8999
29-Sep-22,f337a50edc1ae8ac5849f2c163f66f93,1,38490
29-Sep-22,f450136e4ac353aba014281b054dd2db,1,159900
29-Sep-22,fdba80cf8d63935dc586dd011eac7afd,1,1099
30-Sep-22,04cbd4b0b5a3c869b8624fff65650991,1,9999
30-Sep-22,10637f6e9164900d019b1e07c94b50ad,9,629100
30-Sep-22,12cef843674e289904dff74c27d205a0,4,58421
30-Sep-22,13d8bfc5438dfce3fbfe7ba742201b52,1,3449
30-Sep-22,192a59854ebb87ddcd85da0f48a5cef1,2,125980
30-Sep-22,1d55b4480bb1c525e519c1c1cf02617a,2,81128
30-Sep-22,1d95f7999395d8564103616df13afe63,40,1372910
30-Sep-22,214570a0bcd379d4c0d6c80395029d70,1,64990
30-Sep-22,226f81e86b66b14913ff1b6f549299fe,1,159900
30-Sep-22,2936e1c954d937be50759f3acded8dc7,1,20
30-Sep-22,29d425420b8054c029893c626de737c1,2,139998
30-Sep-22,2cdc7625cee1035f296f38a581844fd3,1,38128
30-Sep-22,308d219e69c5670b1a88152773756db2,17,264398
30-Sep-22,38b8d940b1274d98aa89462d6c1de91d,6,424396
30-Sep-22,3a651e40b04061ebebad09f43c797d2b,8,19289
30-Sep-22,63529842c1a19e946759fca5a06c543a,2,102329
30-Sep-22,69f1ebfe68f8f0b471d6a41d70df9644,1,92889
30-Sep-22,6a7f4df625257d9c8645bee1b95eef02,3,209997
30-Sep-22,6f2ef4829c5ac3528918ba6ef24c4196,2,139800
30-Sep-22,771402daf53c465460cedbbb8d5b5825,8,2336667
30-Sep-22,7b33d3d413b3c672dee97366e2ca459b,3,119820
30-Sep-22,814d14e870f225ef55167102018d6cc6,13,377853
30-Sep-22,86e0faccc0bf3fc9cae14d5f1ab93b84,2,81380
30-Sep-22,88a8920911490138b30606a94555cf39,12,1062177
30-Sep-22,9055e6b4501e4e007a906eb8f8a53c12,1,54900
30-Sep-22,a30ecd2d410a9ca65396bc5cc7678b17,19,503607.74
30-Sep-22,acc54f0efdc4e4b2e0c70d6992c03ed5,1,11894
30-Sep-22,b00469dca6b2d0e20c3df5bf670f91bd,1,69999
30-Sep-22,b5f1c0082381aaf9a1ccad880ac75706,7,98764
30-Sep-22,b7317e9b1e61b0eb405f15821315bf60,1,64900
30-Sep-22,ba628f9adf8f53ce9723c3add6c98d02,1,5100
30-Sep-22,bbb90d4cd132d2c5f9b23fc472104ea6,1,76989
30-Sep-22,bd44f17701a01b218c9d36607382fa82,36,920197
30-Sep-22,c510aac677c772113fd4e0b73ce26ff9,1,1199
30-Sep-22,c5efd40074ac107be595b60e1340c31e,6,212035
30-Sep-22,ca69ddff5e9f08fcac3927b266384e25,1,12998
30-Sep-22,d08c1006dc56705a69e3c1a9f69a8ccc,1,4900
30-Sep-22,e13eff0898654faf84309bde21a475b4,4,59233
30-Sep-22,e80d8b563a7fe404600e7dc3405ed98d,1,54900
30-Sep-22,f00a3cb89e9e33d11cad2bd7771d43e5,7,109251.74
30-Sep-22,f450136e4ac353aba014281b054dd2db,1,69900
30-Sep-22,fdba80cf8d63935dc586dd011eac7afd,1,159900
